model,threshold,group,n_scenes,macro_P,macro_R,macro_F1,micro_P,micro_R,micro_F1,median_F1,IQR_F1,SD_F1,n_scenes_count_block,n_excluded_lt5,median_count_ratio,IQR_count_ratio
MODEL_A,0.3,repeat_visit,12,0.3643,0.5169,0.3927,0.4103,0.5526,0.4709,0.4071,0.2834,0.1956,11,1,1.25,0.5097
MODEL_A,0.3,transfer,9,0.3084,0.4851,0.3616,0.2855,0.504,0.3645,0.2899,0.3868,0.2048,9,0,1.625,1.6552
MODEL_A,0.5,repeat_visit,12,0.4503,0.4071,0.3926,0.522,0.4833,0.5019,0.4023,0.3353,0.2024,11,1,0.931,0.3679
MODEL_A,0.5,transfer,9,0.4534,0.403,0.414,0.4891,0.4232,0.4538,0.3514,0.3555,0.1886,9,0,1.0,0.3274
MODEL_A,0.85,repeat_visit,12,0.5123,0.1417,0.2121,0.7377,0.2153,0.3333,0.2323,0.3684,0.1889,11,1,0.3036,0.2606
MODEL_A,0.85,transfer,9,0.8754,0.159,0.2607,0.8667,0.1752,0.2915,0.2222,0.0887,0.1083,9,0,0.1579,0.1022
MODEL_B,0.3,repeat_visit,21,0.2153,0.6156,0.2948,0.2096,0.5982,0.3104,0.3043,0.1642,0.124,20,1,3.317,3.706
MODEL_B,0.5,repeat_visit,21,0.2631,0.5503,0.3347,0.2651,0.5387,0.3554,0.3699,0.1568,0.1217,20,1,2.0463,2.2532
MODEL_B,0.85,repeat_visit,21,0.3804,0.304,0.3185,0.4074,0.3067,0.35,0.3333,0.1241,0.1127,20,1,0.6952,0.7293
