scene_id,corridor,model,threshold,annotated_count,detected_count,TP,FP,FN,precision,recall,f1,count_ratio,signed_count_error_pct
Bellingham_01_20260425,blaine-bellingham/I-5-north,MODEL_A,0.3,11,42,7,35,4,0.166667,0.636364,0.264151,3.818182,281.8182
Bellingham_01_20260425,blaine-bellingham/I-5-north,MODEL_A,0.5,11,23,7,16,4,0.304348,0.636364,0.411765,2.090909,109.0909
Bellingham_01_20260425,blaine-bellingham/I-5-north,MODEL_A,0.65,11,17,6,11,5,0.352941,0.545455,0.428571,1.545455,54.5455
Bellingham_01_20260425,blaine-bellingham/I-5-north,MODEL_A,0.7,11,14,6,8,5,0.428571,0.545455,0.48,1.272727,27.2727
Bellingham_01_20260425,blaine-bellingham/I-5-north,MODEL_A,0.775,11,10,4,6,7,0.4,0.363636,0.380952,0.909091,-9.0909
Bellingham_01_20260425,blaine-bellingham/I-5-north,MODEL_A,0.85,11,6,3,3,8,0.5,0.272727,0.352941,0.545455,-45.4545
Bellingham_01_20260425,blaine-bellingham/I-5-north,MODEL_A,0.9,11,4,2,2,9,0.5,0.181818,0.266667,0.363636,-63.6364
Bellingham_01_20260425,blaine-bellingham/I-5-north,MODEL_A,0.95,11,0,0,0,11,0.0,0.0,0.0,0.0,-100.0
Centralia_01_20260511,Centralia/I-5-south,MODEL_A,0.3,56,70,36,34,20,0.514286,0.642857,0.571429,1.25,25.0
Centralia_01_20260511,Centralia/I-5-south,MODEL_A,0.5,56,58,34,24,22,0.586207,0.607143,0.596491,1.035714,3.5714
Centralia_01_20260511,Centralia/I-5-south,MODEL_A,0.65,56,45,30,15,26,0.666667,0.535714,0.594059,0.803571,-19.6429
Centralia_01_20260511,Centralia/I-5-south,MODEL_A,0.7,56,38,26,12,30,0.684211,0.464286,0.553191,0.678571,-32.1429
Centralia_01_20260511,Centralia/I-5-south,MODEL_A,0.775,56,28,19,9,37,0.678571,0.339286,0.452381,0.5,-50.0
Centralia_01_20260511,Centralia/I-5-south,MODEL_A,0.85,56,22,18,4,38,0.818182,0.321429,0.461538,0.392857,-60.7143
Centralia_01_20260511,Centralia/I-5-south,MODEL_A,0.9,56,10,9,1,47,0.9,0.160714,0.272727,0.178571,-82.1429
Centralia_01_20260511,Centralia/I-5-south,MODEL_A,0.95,56,4,4,0,52,1.0,0.071429,0.133333,0.071429,-92.8571
Centralia_02_20260511,Centralia/I-5-south,MODEL_A,0.3,56,71,31,40,25,0.43662,0.553571,0.488189,1.267857,26.7857
Centralia_02_20260511,Centralia/I-5-south,MODEL_A,0.5,56,55,29,26,27,0.527273,0.517857,0.522523,0.982143,-1.7857
Centralia_02_20260511,Centralia/I-5-south,MODEL_A,0.65,56,43,26,17,30,0.604651,0.464286,0.525253,0.767857,-23.2143
Centralia_02_20260511,Centralia/I-5-south,MODEL_A,0.7,56,38,23,15,33,0.605263,0.410714,0.489362,0.678571,-32.1429
Centralia_02_20260511,Centralia/I-5-south,MODEL_A,0.775,56,27,17,10,39,0.62963,0.303571,0.409639,0.482143,-51.7857
Centralia_02_20260511,Centralia/I-5-south,MODEL_A,0.85,56,17,12,5,44,0.705882,0.214286,0.328767,0.303571,-69.6429
Centralia_02_20260511,Centralia/I-5-south,MODEL_A,0.9,56,9,9,0,47,1.0,0.160714,0.276923,0.160714,-83.9286
Centralia_02_20260511,Centralia/I-5-south,MODEL_A,0.95,56,2,2,0,54,1.0,0.035714,0.068966,0.035714,-96.4286
Ellensburg-Yakima_01_20260409,Ellensburg (arid),MODEL_A,0.3,8,7,1,6,7,0.142857,0.125,0.133333,0.875,-12.5
Ellensburg-Yakima_01_20260409,Ellensburg (arid),MODEL_A,0.5,8,2,1,1,7,0.5,0.125,0.2,0.25,-75.0
Ellensburg-Yakima_01_20260409,Ellensburg (arid),MODEL_A,0.65,8,1,1,0,7,1.0,0.125,0.222222,0.125,-87.5
Ellensburg-Yakima_01_20260409,Ellensburg (arid),MODEL_A,0.7,8,1,1,0,7,1.0,0.125,0.222222,0.125,-87.5
Ellensburg-Yakima_01_20260409,Ellensburg (arid),MODEL_A,0.775,8,1,1,0,7,1.0,0.125,0.222222,0.125,-87.5
Ellensburg-Yakima_01_20260409,Ellensburg (arid),MODEL_A,0.85,8,1,1,0,7,1.0,0.125,0.222222,0.125,-87.5
Ellensburg-Yakima_01_20260409,Ellensburg (arid),MODEL_A,0.9,8,1,1,0,7,1.0,0.125,0.222222,0.125,-87.5
Ellensburg-Yakima_01_20260409,Ellensburg (arid),MODEL_A,0.95,8,0,0,0,8,0.0,0.0,0.0,0.0,-100.0
EllensburgPreferredTest_01_20260530,Ellensburg (arid),MODEL_A,0.3,2,45,1,44,1,0.022222,0.5,0.042553,22.5,2150.0
EllensburgPreferredTest_01_20260530,Ellensburg (arid),MODEL_A,0.5,2,20,0,20,2,0.0,0.0,0.0,10.0,900.0
EllensburgPreferredTest_01_20260530,Ellensburg (arid),MODEL_A,0.65,2,14,0,14,2,0.0,0.0,0.0,7.0,600.0
EllensburgPreferredTest_01_20260530,Ellensburg (arid),MODEL_A,0.7,2,11,0,11,2,0.0,0.0,0.0,5.5,450.0
EllensburgPreferredTest_01_20260530,Ellensburg (arid),MODEL_A,0.775,2,7,0,7,2,0.0,0.0,0.0,3.5,250.0
EllensburgPreferredTest_01_20260530,Ellensburg (arid),MODEL_A,0.85,2,3,0,3,2,0.0,0.0,0.0,1.5,50.0
EllensburgPreferredTest_01_20260530,Ellensburg (arid),MODEL_A,0.9,2,0,0,0,2,0.0,0.0,0.0,0.0,-100.0
EllensburgPreferredTest_01_20260530,Ellensburg (arid),MODEL_A,0.95,2,0,0,0,2,0.0,0.0,0.0,0.0,-100.0
Ellensburg_01_20260504,Ellensburg (arid),MODEL_A,0.3,13,11,8,3,5,0.727273,0.615385,0.666667,0.846154,-15.3846
Ellensburg_01_20260504,Ellensburg (arid),MODEL_A,0.5,13,8,6,2,7,0.75,0.461538,0.571429,0.615385,-38.4615
Ellensburg_01_20260504,Ellensburg (arid),MODEL_A,0.65,13,5,4,1,9,0.8,0.307692,0.444444,0.384615,-61.5385
Ellensburg_01_20260504,Ellensburg (arid),MODEL_A,0.7,13,3,2,1,11,0.666667,0.153846,0.25,0.230769,-76.9231
Ellensburg_01_20260504,Ellensburg (arid),MODEL_A,0.775,13,1,0,1,13,0.0,0.0,0.0,0.076923,-92.3077
Ellensburg_01_20260504,Ellensburg (arid),MODEL_A,0.85,13,1,0,1,13,0.0,0.0,0.0,0.076923,-92.3077
Ellensburg_01_20260504,Ellensburg (arid),MODEL_A,0.9,13,0,0,0,13,0.0,0.0,0.0,0.0,-100.0
Ellensburg_01_20260504,Ellensburg (arid),MODEL_A,0.95,13,0,0,0,13,0.0,0.0,0.0,0.0,-100.0
Stanwood_10_20260511,Stanwood,MODEL_A,0.3,6,24,4,20,2,0.166667,0.666667,0.266667,4.0,300.0
Stanwood_10_20260511,Stanwood,MODEL_A,0.5,6,18,4,14,2,0.222222,0.666667,0.333333,3.0,200.0
Stanwood_10_20260511,Stanwood,MODEL_A,0.65,6,8,1,7,5,0.125,0.166667,0.142857,1.333333,33.3333
Stanwood_10_20260511,Stanwood,MODEL_A,0.7,6,6,0,6,6,0.0,0.0,0.0,1.0,0.0
Stanwood_10_20260511,Stanwood,MODEL_A,0.775,6,5,0,5,6,0.0,0.0,0.0,0.833333,-16.6667
Stanwood_10_20260511,Stanwood,MODEL_A,0.85,6,2,0,2,6,0.0,0.0,0.0,0.333333,-66.6667
Stanwood_10_20260511,Stanwood,MODEL_A,0.9,6,1,0,1,6,0.0,0.0,0.0,0.166667,-83.3333
Stanwood_10_20260511,Stanwood,MODEL_A,0.95,6,0,0,0,6,0.0,0.0,0.0,0.0,-100.0
Tacoma-Centralia_01_20260429,Centralia/I-5-south,MODEL_A,0.3,80,86,45,41,35,0.523256,0.5625,0.542169,1.075,7.5
Tacoma-Centralia_01_20260429,Centralia/I-5-south,MODEL_A,0.5,80,64,41,23,39,0.640625,0.5125,0.569444,0.8,-20.0
Tacoma-Centralia_01_20260429,Centralia/I-5-south,MODEL_A,0.65,80,48,35,13,45,0.729167,0.4375,0.546875,0.6,-40.0
Tacoma-Centralia_01_20260429,Centralia/I-5-south,MODEL_A,0.7,80,44,33,11,47,0.75,0.4125,0.532258,0.55,-45.0
Tacoma-Centralia_01_20260429,Centralia/I-5-south,MODEL_A,0.775,80,34,28,6,52,0.823529,0.35,0.491228,0.425,-57.5
Tacoma-Centralia_01_20260429,Centralia/I-5-south,MODEL_A,0.85,80,26,22,4,58,0.846154,0.275,0.415094,0.325,-67.5
Tacoma-Centralia_01_20260429,Centralia/I-5-south,MODEL_A,0.9,80,17,15,2,65,0.882353,0.1875,0.309278,0.2125,-78.75
Tacoma-Centralia_01_20260429,Centralia/I-5-south,MODEL_A,0.95,80,5,4,1,76,0.8,0.05,0.094118,0.0625,-93.75
Tacoma-Centralia_02_20260602,Centralia/I-5-south,MODEL_A,0.3,89,105,60,45,29,0.571429,0.674157,0.618557,1.179775,17.9775
Tacoma-Centralia_02_20260602,Centralia/I-5-south,MODEL_A,0.5,89,85,58,27,31,0.682353,0.651685,0.666667,0.955056,-4.4944
Tacoma-Centralia_02_20260602,Centralia/I-5-south,MODEL_A,0.65,89,68,50,18,39,0.735294,0.561798,0.636943,0.764045,-23.5955
Tacoma-Centralia_02_20260602,Centralia/I-5-south,MODEL_A,0.7,89,63,47,16,42,0.746032,0.52809,0.618421,0.707865,-29.2135
Tacoma-Centralia_02_20260602,Centralia/I-5-south,MODEL_A,0.775,89,52,39,13,50,0.75,0.438202,0.553191,0.58427,-41.573
Tacoma-Centralia_02_20260602,Centralia/I-5-south,MODEL_A,0.85,89,36,28,8,61,0.777778,0.314607,0.448,0.404494,-59.5506
Tacoma-Centralia_02_20260602,Centralia/I-5-south,MODEL_A,0.9,89,23,19,4,70,0.826087,0.213483,0.339286,0.258427,-74.1573
Tacoma-Centralia_02_20260602,Centralia/I-5-south,MODEL_A,0.95,89,13,12,1,77,0.923077,0.134831,0.235294,0.146067,-85.3933
Tri-Cities-New_01_20260611,Tri-Cities (arid),MODEL_A,0.3,105,116,65,51,40,0.560345,0.619048,0.588235,1.104762,10.4762
Tri-Cities-New_01_20260611,Tri-Cities (arid),MODEL_A,0.5,105,75,56,19,49,0.746667,0.533333,0.622222,0.714286,-28.5714
Tri-Cities-New_01_20260611,Tri-Cities (arid),MODEL_A,0.65,105,55,42,13,63,0.763636,0.4,0.525,0.52381,-47.619
Tri-Cities-New_01_20260611,Tri-Cities (arid),MODEL_A,0.7,105,49,38,11,67,0.77551,0.361905,0.493506,0.466667,-53.3333
Tri-Cities-New_01_20260611,Tri-Cities (arid),MODEL_A,0.775,105,39,32,7,73,0.820513,0.304762,0.444444,0.371429,-62.8571
Tri-Cities-New_01_20260611,Tri-Cities (arid),MODEL_A,0.85,105,29,27,2,78,0.931034,0.257143,0.402985,0.27619,-72.381
Tri-Cities-New_01_20260611,Tri-Cities (arid),MODEL_A,0.9,105,25,23,2,82,0.92,0.219048,0.353846,0.238095,-76.1905
Tri-Cities-New_01_20260611,Tri-Cities (arid),MODEL_A,0.95,105,12,12,0,93,1.0,0.114286,0.205128,0.114286,-88.5714
Yakima-Toppenish_01_20260503,Yakima (arid),MODEL_A,0.3,25,69,9,60,16,0.130435,0.36,0.191489,2.76,176.0
Yakima-Toppenish_01_20260503,Yakima (arid),MODEL_A,0.5,25,18,7,11,18,0.388889,0.28,0.325581,0.72,-28.0
Yakima-Toppenish_01_20260503,Yakima (arid),MODEL_A,0.65,25,8,6,2,19,0.75,0.24,0.363636,0.32,-68.0
Yakima-Toppenish_01_20260503,Yakima (arid),MODEL_A,0.7,25,8,6,2,19,0.75,0.24,0.363636,0.32,-68.0
Yakima-Toppenish_01_20260503,Yakima (arid),MODEL_A,0.775,25,6,4,2,21,0.666667,0.16,0.258065,0.24,-76.0
Yakima-Toppenish_01_20260503,Yakima (arid),MODEL_A,0.85,25,3,3,0,22,1.0,0.12,0.214286,0.12,-88.0
Yakima-Toppenish_01_20260503,Yakima (arid),MODEL_A,0.9,25,2,2,0,23,1.0,0.08,0.148148,0.08,-92.0
Yakima-Toppenish_01_20260503,Yakima (arid),MODEL_A,0.95,25,0,0,0,25,0.0,0.0,0.0,0.0,-100.0
Yakima-Toppenish_02_20260509,Yakima (arid),MODEL_A,0.3,31,95,7,88,24,0.073684,0.225806,0.111111,3.064516,206.4516
Yakima-Toppenish_02_20260509,Yakima (arid),MODEL_A,0.5,31,36,6,30,25,0.166667,0.193548,0.179104,1.16129,16.129
Yakima-Toppenish_02_20260509,Yakima (arid),MODEL_A,0.65,31,15,4,11,27,0.266667,0.129032,0.173913,0.483871,-51.6129
Yakima-Toppenish_02_20260509,Yakima (arid),MODEL_A,0.7,31,11,4,7,27,0.363636,0.129032,0.190476,0.354839,-64.5161
Yakima-Toppenish_02_20260509,Yakima (arid),MODEL_A,0.775,31,8,4,4,27,0.5,0.129032,0.205128,0.258065,-74.1935
Yakima-Toppenish_02_20260509,Yakima (arid),MODEL_A,0.85,31,5,4,1,27,0.8,0.129032,0.222222,0.16129,-83.871
Yakima-Toppenish_02_20260509,Yakima (arid),MODEL_A,0.9,31,2,1,1,30,0.5,0.032258,0.060606,0.064516,-93.5484
Yakima-Toppenish_02_20260509,Yakima (arid),MODEL_A,0.95,31,0,0,0,31,0.0,0.0,0.0,0.0,-100.0
Yakima-Toppenish_03_20260614,Yakima (arid),MODEL_A,0.3,27,112,14,98,13,0.125,0.518519,0.201439,4.148148,314.8148
Yakima-Toppenish_03_20260614,Yakima (arid),MODEL_A,0.5,27,47,13,34,14,0.276596,0.481481,0.351351,1.740741,74.0741
Yakima-Toppenish_03_20260614,Yakima (arid),MODEL_A,0.65,27,25,10,15,17,0.4,0.37037,0.384615,0.925926,-7.4074
Yakima-Toppenish_03_20260614,Yakima (arid),MODEL_A,0.7,27,21,10,11,17,0.47619,0.37037,0.416667,0.777778,-22.2222
Yakima-Toppenish_03_20260614,Yakima (arid),MODEL_A,0.775,27,9,7,2,20,0.777778,0.259259,0.388889,0.333333,-66.6667
Yakima-Toppenish_03_20260614,Yakima (arid),MODEL_A,0.85,27,6,5,1,22,0.833333,0.185185,0.30303,0.222222,-77.7778
Yakima-Toppenish_03_20260614,Yakima (arid),MODEL_A,0.9,27,3,3,0,24,1.0,0.111111,0.2,0.111111,-88.8889
Yakima-Toppenish_03_20260614,Yakima (arid),MODEL_A,0.95,27,0,0,0,27,0.0,0.0,0.0,0.0,-100.0
Yakima-Toppenish_04_20260620,Yakima (arid),MODEL_A,0.3,43,95,20,75,23,0.210526,0.465116,0.289855,2.209302,120.9302
Yakima-Toppenish_04_20260620,Yakima (arid),MODEL_A,0.5,43,43,17,26,26,0.395349,0.395349,0.395349,1.0,0.0
Yakima-Toppenish_04_20260620,Yakima (arid),MODEL_A,0.65,43,24,12,12,31,0.5,0.27907,0.358209,0.55814,-44.186
Yakima-Toppenish_04_20260620,Yakima (arid),MODEL_A,0.7,43,20,11,9,32,0.55,0.255814,0.349206,0.465116,-53.4884
Yakima-Toppenish_04_20260620,Yakima (arid),MODEL_A,0.775,43,12,8,4,35,0.666667,0.186047,0.290909,0.27907,-72.093
Yakima-Toppenish_04_20260620,Yakima (arid),MODEL_A,0.85,43,5,4,1,39,0.8,0.093023,0.166667,0.116279,-88.3721
Yakima-Toppenish_04_20260620,Yakima (arid),MODEL_A,0.9,43,4,4,0,39,1.0,0.093023,0.170213,0.093023,-90.6977
Yakima-Toppenish_04_20260620,Yakima (arid),MODEL_A,0.95,43,1,1,0,42,1.0,0.023256,0.045455,0.023256,-97.6744
auburn-snoqualmie_01_20260425,auburn-snoqualmie/I-90,MODEL_A,0.3,24,39,21,18,3,0.538462,0.875,0.666667,1.625,62.5
auburn-snoqualmie_01_20260425,auburn-snoqualmie/I-90,MODEL_A,0.5,24,25,17,8,7,0.68,0.708333,0.693878,1.041667,4.1667
auburn-snoqualmie_01_20260425,auburn-snoqualmie/I-90,MODEL_A,0.65,24,19,15,4,9,0.789474,0.625,0.697674,0.791667,-20.8333
auburn-snoqualmie_01_20260425,auburn-snoqualmie/I-90,MODEL_A,0.7,24,14,11,3,13,0.785714,0.458333,0.578947,0.583333,-41.6667
auburn-snoqualmie_01_20260425,auburn-snoqualmie/I-90,MODEL_A,0.775,24,6,5,1,19,0.833333,0.208333,0.333333,0.25,-75.0
auburn-snoqualmie_01_20260425,auburn-snoqualmie/I-90,MODEL_A,0.85,24,3,3,0,21,1.0,0.125,0.222222,0.125,-87.5
auburn-snoqualmie_01_20260425,auburn-snoqualmie/I-90,MODEL_A,0.9,24,2,2,0,22,1.0,0.083333,0.153846,0.083333,-91.6667
auburn-snoqualmie_01_20260425,auburn-snoqualmie/I-90,MODEL_A,0.95,24,0,0,0,24,0.0,0.0,0.0,0.0,-100.0
auburn-snoqualmie_03_20260614,auburn-snoqualmie/I-90,MODEL_A,0.3,42,57,30,27,12,0.526316,0.714286,0.606061,1.357143,35.7143
auburn-snoqualmie_03_20260614,auburn-snoqualmie/I-90,MODEL_A,0.5,42,43,27,16,15,0.627907,0.642857,0.635294,1.02381,2.381
auburn-snoqualmie_03_20260614,auburn-snoqualmie/I-90,MODEL_A,0.65,42,32,24,8,18,0.75,0.571429,0.648649,0.761905,-23.8095
auburn-snoqualmie_03_20260614,auburn-snoqualmie/I-90,MODEL_A,0.7,42,30,22,8,20,0.733333,0.52381,0.611111,0.714286,-28.5714
auburn-snoqualmie_03_20260614,auburn-snoqualmie/I-90,MODEL_A,0.775,42,24,18,6,24,0.75,0.428571,0.545455,0.571429,-42.8571
auburn-snoqualmie_03_20260614,auburn-snoqualmie/I-90,MODEL_A,0.85,42,17,13,4,29,0.764706,0.309524,0.440678,0.404762,-59.5238
auburn-snoqualmie_03_20260614,auburn-snoqualmie/I-90,MODEL_A,0.9,42,11,10,1,32,0.909091,0.238095,0.377358,0.261905,-73.8095
auburn-snoqualmie_03_20260614,auburn-snoqualmie/I-90,MODEL_A,0.95,42,4,3,1,39,0.75,0.071429,0.130435,0.095238,-90.4762
blaine-bellingham_01_20260425,blaine-bellingham/I-5-north,MODEL_A,0.3,18,28,7,21,11,0.25,0.388889,0.304348,1.555556,55.5556
blaine-bellingham_01_20260425,blaine-bellingham/I-5-north,MODEL_A,0.5,18,12,3,9,15,0.25,0.166667,0.2,0.666667,-33.3333
blaine-bellingham_01_20260425,blaine-bellingham/I-5-north,MODEL_A,0.65,18,6,2,4,16,0.333333,0.111111,0.166667,0.333333,-66.6667
blaine-bellingham_01_20260425,blaine-bellingham/I-5-north,MODEL_A,0.7,18,6,2,4,16,0.333333,0.111111,0.166667,0.333333,-66.6667
blaine-bellingham_01_20260425,blaine-bellingham/I-5-north,MODEL_A,0.775,18,4,1,3,17,0.25,0.055556,0.090909,0.222222,-77.7778
blaine-bellingham_01_20260425,blaine-bellingham/I-5-north,MODEL_A,0.85,18,0,0,0,18,0.0,0.0,0.0,0.0,-100.0
blaine-bellingham_01_20260425,blaine-bellingham/I-5-north,MODEL_A,0.9,18,0,0,0,18,0.0,0.0,0.0,0.0,-100.0
blaine-bellingham_01_20260425,blaine-bellingham/I-5-north,MODEL_A,0.95,18,0,0,0,18,0.0,0.0,0.0,0.0,-100.0
blaine-bellingham_02_20260528,blaine-bellingham/I-5-north,MODEL_A,0.3,50,33,16,17,34,0.484848,0.32,0.385542,0.66,-34.0
blaine-bellingham_02_20260528,blaine-bellingham/I-5-north,MODEL_A,0.5,50,15,8,7,42,0.533333,0.16,0.246154,0.3,-70.0
blaine-bellingham_02_20260528,blaine-bellingham/I-5-north,MODEL_A,0.65,50,8,4,4,46,0.5,0.08,0.137931,0.16,-84.0
blaine-bellingham_02_20260528,blaine-bellingham/I-5-north,MODEL_A,0.7,50,7,3,4,47,0.428571,0.06,0.105263,0.14,-86.0
blaine-bellingham_02_20260528,blaine-bellingham/I-5-north,MODEL_A,0.775,50,7,3,4,47,0.428571,0.06,0.105263,0.14,-86.0
blaine-bellingham_02_20260528,blaine-bellingham/I-5-north,MODEL_A,0.85,50,4,2,2,48,0.5,0.04,0.074074,0.08,-92.0
blaine-bellingham_02_20260528,blaine-bellingham/I-5-north,MODEL_A,0.9,50,2,1,1,49,0.5,0.02,0.038462,0.04,-96.0
blaine-bellingham_02_20260528,blaine-bellingham/I-5-north,MODEL_A,0.95,50,0,0,0,50,0.0,0.0,0.0,0.0,-100.0
blaine-bellingham_03_20260504,blaine-bellingham/I-5-north,MODEL_A,0.3,29,41,15,26,14,0.365854,0.517241,0.428571,1.413793,41.3793
blaine-bellingham_03_20260504,blaine-bellingham/I-5-north,MODEL_A,0.5,29,27,11,16,18,0.407407,0.37931,0.392857,0.931034,-6.8966
blaine-bellingham_03_20260504,blaine-bellingham/I-5-north,MODEL_A,0.65,29,14,8,6,21,0.571429,0.275862,0.372093,0.482759,-51.7241
blaine-bellingham_03_20260504,blaine-bellingham/I-5-north,MODEL_A,0.7,29,14,8,6,21,0.571429,0.275862,0.372093,0.482759,-51.7241
blaine-bellingham_03_20260504,blaine-bellingham/I-5-north,MODEL_A,0.775,29,5,5,0,24,1.0,0.172414,0.294118,0.172414,-82.7586
blaine-bellingham_03_20260504,blaine-bellingham/I-5-north,MODEL_A,0.85,29,4,4,0,25,1.0,0.137931,0.242424,0.137931,-86.2069
blaine-bellingham_03_20260504,blaine-bellingham/I-5-north,MODEL_A,0.9,29,2,2,0,27,1.0,0.068966,0.129032,0.068966,-93.1034
blaine-bellingham_03_20260504,blaine-bellingham/I-5-north,MODEL_A,0.95,29,0,0,0,29,0.0,0.0,0.0,0.0,-100.0
polygon_01_20260503,polygon (Kent/Auburn),MODEL_A,0.3,19,18,6,12,13,0.333333,0.315789,0.324324,0.947368,-5.2632
polygon_01_20260503,polygon (Kent/Auburn),MODEL_A,0.5,19,11,4,7,15,0.363636,0.210526,0.266667,0.578947,-42.1053
polygon_01_20260503,polygon (Kent/Auburn),MODEL_A,0.65,19,8,4,4,15,0.5,0.210526,0.296296,0.421053,-57.8947
polygon_01_20260503,polygon (Kent/Auburn),MODEL_A,0.7,19,6,4,2,15,0.666667,0.210526,0.32,0.315789,-68.4211
polygon_01_20260503,polygon (Kent/Auburn),MODEL_A,0.775,19,5,4,1,15,0.8,0.210526,0.333333,0.263158,-73.6842
polygon_01_20260503,polygon (Kent/Auburn),MODEL_A,0.85,19,3,3,0,16,1.0,0.157895,0.272727,0.157895,-84.2105
polygon_01_20260503,polygon (Kent/Auburn),MODEL_A,0.9,19,2,2,0,17,1.0,0.105263,0.190476,0.105263,-89.4737
polygon_01_20260503,polygon (Kent/Auburn),MODEL_A,0.95,19,0,0,0,19,0.0,0.0,0.0,0.0,-100.0
spokane-i90_01_20260622,Spokane (arid),MODEL_A,0.3,55,54,15,39,40,0.277778,0.272727,0.275229,0.981818,-1.8182
spokane-i90_01_20260622,Spokane (arid),MODEL_A,0.5,55,23,10,13,45,0.434783,0.181818,0.25641,0.418182,-58.1818
spokane-i90_01_20260622,Spokane (arid),MODEL_A,0.65,55,12,8,4,47,0.666667,0.145455,0.238806,0.218182,-78.1818
spokane-i90_01_20260622,Spokane (arid),MODEL_A,0.7,55,9,8,1,47,0.888889,0.145455,0.25,0.163636,-83.6364
spokane-i90_01_20260622,Spokane (arid),MODEL_A,0.775,55,8,7,1,48,0.875,0.127273,0.222222,0.145455,-85.4545
spokane-i90_01_20260622,Spokane (arid),MODEL_A,0.85,55,4,3,1,52,0.75,0.054545,0.101695,0.072727,-92.7273
spokane-i90_01_20260622,Spokane (arid),MODEL_A,0.9,55,4,3,1,52,0.75,0.054545,0.101695,0.072727,-92.7273
spokane-i90_01_20260622,Spokane (arid),MODEL_A,0.95,55,1,1,0,54,1.0,0.018182,0.035714,0.018182,-98.1818
Bellingham_01_20260425,blaine-bellingham/I-5-north,MODEL_B,0.3,11,77,5,72,6,0.064935,0.454545,0.113636,7.0,600.0
Bellingham_01_20260425,blaine-bellingham/I-5-north,MODEL_B,0.5,11,44,3,41,8,0.068182,0.272727,0.109091,4.0,300.0
Bellingham_01_20260425,blaine-bellingham/I-5-north,MODEL_B,0.65,11,30,2,28,9,0.066667,0.181818,0.097561,2.727273,172.7273
Bellingham_01_20260425,blaine-bellingham/I-5-north,MODEL_B,0.7,11,23,1,22,10,0.043478,0.090909,0.058824,2.090909,109.0909
Bellingham_01_20260425,blaine-bellingham/I-5-north,MODEL_B,0.775,11,20,1,19,10,0.05,0.090909,0.064516,1.818182,81.8182
Bellingham_01_20260425,blaine-bellingham/I-5-north,MODEL_B,0.85,11,14,1,13,10,0.071429,0.090909,0.08,1.272727,27.2727
Bellingham_01_20260425,blaine-bellingham/I-5-north,MODEL_B,0.9,11,9,1,8,10,0.111111,0.090909,0.1,0.818182,-18.1818
Bellingham_01_20260425,blaine-bellingham/I-5-north,MODEL_B,0.95,11,7,1,6,10,0.142857,0.090909,0.111111,0.636364,-36.3636
Centralia_01_20260511,Centralia/I-5-south,MODEL_B,0.3,56,74,27,47,29,0.364865,0.482143,0.415385,1.321429,32.1429
Centralia_01_20260511,Centralia/I-5-south,MODEL_B,0.5,56,69,24,45,32,0.347826,0.428571,0.384,1.232143,23.2143
Centralia_01_20260511,Centralia/I-5-south,MODEL_B,0.65,56,53,21,32,35,0.396226,0.375,0.385321,0.946429,-5.3571
Centralia_01_20260511,Centralia/I-5-south,MODEL_B,0.7,56,48,19,29,37,0.395833,0.339286,0.365385,0.857143,-14.2857
Centralia_01_20260511,Centralia/I-5-south,MODEL_B,0.775,56,39,16,23,40,0.410256,0.285714,0.336842,0.696429,-30.3571
Centralia_01_20260511,Centralia/I-5-south,MODEL_B,0.85,56,30,14,16,42,0.466667,0.25,0.325581,0.535714,-46.4286
Centralia_01_20260511,Centralia/I-5-south,MODEL_B,0.9,56,25,13,12,43,0.52,0.232143,0.320988,0.446429,-55.3571
Centralia_01_20260511,Centralia/I-5-south,MODEL_B,0.95,56,16,10,6,46,0.625,0.178571,0.277778,0.285714,-71.4286
Centralia_02_20260511,Centralia/I-5-south,MODEL_B,0.3,56,91,33,58,23,0.362637,0.589286,0.44898,1.625,62.5
Centralia_02_20260511,Centralia/I-5-south,MODEL_B,0.5,56,78,29,49,27,0.371795,0.517857,0.432836,1.392857,39.2857
Centralia_02_20260511,Centralia/I-5-south,MODEL_B,0.65,56,59,26,33,30,0.440678,0.464286,0.452174,1.053571,5.3571
Centralia_02_20260511,Centralia/I-5-south,MODEL_B,0.7,56,53,24,29,32,0.45283,0.428571,0.440367,0.946429,-5.3571
Centralia_02_20260511,Centralia/I-5-south,MODEL_B,0.775,56,46,22,24,34,0.478261,0.392857,0.431373,0.821429,-17.8571
Centralia_02_20260511,Centralia/I-5-south,MODEL_B,0.85,56,30,17,13,39,0.566667,0.303571,0.395349,0.535714,-46.4286
Centralia_02_20260511,Centralia/I-5-south,MODEL_B,0.9,56,22,14,8,42,0.636364,0.25,0.358974,0.392857,-60.7143
Centralia_02_20260511,Centralia/I-5-south,MODEL_B,0.95,56,13,10,3,46,0.769231,0.178571,0.289855,0.232143,-76.7857
Ellensburg-Yakima_01_20260409,Ellensburg (arid),MODEL_B,0.3,8,38,7,31,1,0.184211,0.875,0.304348,4.75,375.0
Ellensburg-Yakima_01_20260409,Ellensburg (arid),MODEL_B,0.5,8,17,5,12,3,0.294118,0.625,0.4,2.125,112.5
Ellensburg-Yakima_01_20260409,Ellensburg (arid),MODEL_B,0.65,8,9,4,5,4,0.444444,0.5,0.470588,1.125,12.5
Ellensburg-Yakima_01_20260409,Ellensburg (arid),MODEL_B,0.7,8,8,4,4,4,0.5,0.5,0.5,1.0,0.0
Ellensburg-Yakima_01_20260409,Ellensburg (arid),MODEL_B,0.775,8,5,2,3,6,0.4,0.25,0.307692,0.625,-37.5
Ellensburg-Yakima_01_20260409,Ellensburg (arid),MODEL_B,0.85,8,3,1,2,7,0.333333,0.125,0.181818,0.375,-62.5
Ellensburg-Yakima_01_20260409,Ellensburg (arid),MODEL_B,0.9,8,2,1,1,7,0.5,0.125,0.2,0.25,-75.0
Ellensburg-Yakima_01_20260409,Ellensburg (arid),MODEL_B,0.95,8,1,1,0,7,1.0,0.125,0.222222,0.125,-87.5
EllensburgPreferredTest_01_20260530,Ellensburg (arid),MODEL_B,0.3,2,49,1,48,1,0.020408,0.5,0.039216,24.5,2350.0
EllensburgPreferredTest_01_20260530,Ellensburg (arid),MODEL_B,0.5,2,28,1,27,1,0.035714,0.5,0.066667,14.0,1300.0
EllensburgPreferredTest_01_20260530,Ellensburg (arid),MODEL_B,0.65,2,14,1,13,1,0.071429,0.5,0.125,7.0,600.0
EllensburgPreferredTest_01_20260530,Ellensburg (arid),MODEL_B,0.7,2,8,1,7,1,0.125,0.5,0.2,4.0,300.0
EllensburgPreferredTest_01_20260530,Ellensburg (arid),MODEL_B,0.775,2,5,1,4,1,0.2,0.5,0.285714,2.5,150.0
EllensburgPreferredTest_01_20260530,Ellensburg (arid),MODEL_B,0.85,2,5,1,4,1,0.2,0.5,0.285714,2.5,150.0
EllensburgPreferredTest_01_20260530,Ellensburg (arid),MODEL_B,0.9,2,4,1,3,1,0.25,0.5,0.333333,2.0,100.0
EllensburgPreferredTest_01_20260530,Ellensburg (arid),MODEL_B,0.95,2,1,1,0,1,1.0,0.5,0.666667,0.5,-50.0
Ellensburg_01_20260504,Ellensburg (arid),MODEL_B,0.3,13,13,7,6,6,0.538462,0.538462,0.538462,1.0,0.0
Ellensburg_01_20260504,Ellensburg (arid),MODEL_B,0.5,13,12,7,5,6,0.583333,0.538462,0.56,0.923077,-7.6923
Ellensburg_01_20260504,Ellensburg (arid),MODEL_B,0.65,13,10,6,4,7,0.6,0.461538,0.521739,0.769231,-23.0769
Ellensburg_01_20260504,Ellensburg (arid),MODEL_B,0.7,13,10,6,4,7,0.6,0.461538,0.521739,0.769231,-23.0769
Ellensburg_01_20260504,Ellensburg (arid),MODEL_B,0.775,13,8,5,3,8,0.625,0.384615,0.47619,0.615385,-38.4615
Ellensburg_01_20260504,Ellensburg (arid),MODEL_B,0.85,13,6,4,2,9,0.666667,0.307692,0.421053,0.461538,-53.8462
Ellensburg_01_20260504,Ellensburg (arid),MODEL_B,0.9,13,5,3,2,10,0.6,0.230769,0.333333,0.384615,-61.5385
Ellensburg_01_20260504,Ellensburg (arid),MODEL_B,0.95,13,4,2,2,11,0.5,0.153846,0.235294,0.307692,-69.2308
Stanwood_10_20260511,Stanwood,MODEL_B,0.3,6,38,4,34,2,0.105263,0.666667,0.181818,6.333333,533.3333
Stanwood_10_20260511,Stanwood,MODEL_B,0.5,6,26,4,22,2,0.153846,0.666667,0.25,4.333333,333.3333
Stanwood_10_20260511,Stanwood,MODEL_B,0.65,6,19,4,15,2,0.210526,0.666667,0.32,3.166667,216.6667
Stanwood_10_20260511,Stanwood,MODEL_B,0.7,6,18,3,15,3,0.166667,0.5,0.25,3.0,200.0
Stanwood_10_20260511,Stanwood,MODEL_B,0.775,6,12,3,9,3,0.25,0.5,0.333333,2.0,100.0
Stanwood_10_20260511,Stanwood,MODEL_B,0.85,6,11,3,8,3,0.272727,0.5,0.352941,1.833333,83.3333
Stanwood_10_20260511,Stanwood,MODEL_B,0.9,6,8,2,6,4,0.25,0.333333,0.285714,1.333333,33.3333
Stanwood_10_20260511,Stanwood,MODEL_B,0.95,6,2,1,1,5,0.5,0.166667,0.25,0.333333,-66.6667
Tacoma-Centralia_01_20260429,Centralia/I-5-south,MODEL_B,0.3,80,120,36,84,44,0.3,0.45,0.36,1.5,50.0
Tacoma-Centralia_01_20260429,Centralia/I-5-south,MODEL_B,0.5,80,101,35,66,45,0.346535,0.4375,0.38674,1.2625,26.25
Tacoma-Centralia_01_20260429,Centralia/I-5-south,MODEL_B,0.65,80,85,35,50,45,0.411765,0.4375,0.424242,1.0625,6.25
Tacoma-Centralia_01_20260429,Centralia/I-5-south,MODEL_B,0.7,80,79,33,46,47,0.417722,0.4125,0.415094,0.9875,-1.25
Tacoma-Centralia_01_20260429,Centralia/I-5-south,MODEL_B,0.775,80,64,28,36,52,0.4375,0.35,0.388889,0.8,-20.0
Tacoma-Centralia_01_20260429,Centralia/I-5-south,MODEL_B,0.85,80,47,22,25,58,0.468085,0.275,0.346457,0.5875,-41.25
Tacoma-Centralia_01_20260429,Centralia/I-5-south,MODEL_B,0.9,80,33,17,16,63,0.515152,0.2125,0.300885,0.4125,-58.75
Tacoma-Centralia_01_20260429,Centralia/I-5-south,MODEL_B,0.95,80,21,12,9,68,0.571429,0.15,0.237624,0.2625,-73.75
Tacoma-Centralia_02_20260602,Centralia/I-5-south,MODEL_B,0.3,89,127,49,78,40,0.385827,0.550562,0.453704,1.426966,42.6966
Tacoma-Centralia_02_20260602,Centralia/I-5-south,MODEL_B,0.5,89,106,48,58,41,0.45283,0.539326,0.492308,1.191011,19.1011
Tacoma-Centralia_02_20260602,Centralia/I-5-south,MODEL_B,0.65,89,89,46,43,43,0.516854,0.516854,0.516854,1.0,0.0
Tacoma-Centralia_02_20260602,Centralia/I-5-south,MODEL_B,0.7,89,76,39,37,50,0.513158,0.438202,0.472727,0.853933,-14.6067
Tacoma-Centralia_02_20260602,Centralia/I-5-south,MODEL_B,0.775,89,70,38,32,51,0.542857,0.426966,0.477987,0.786517,-21.3483
Tacoma-Centralia_02_20260602,Centralia/I-5-south,MODEL_B,0.85,89,53,34,19,55,0.641509,0.382022,0.478873,0.595506,-40.4494
Tacoma-Centralia_02_20260602,Centralia/I-5-south,MODEL_B,0.9,89,37,27,10,62,0.72973,0.303371,0.428571,0.41573,-58.427
Tacoma-Centralia_02_20260602,Centralia/I-5-south,MODEL_B,0.95,89,25,19,6,70,0.76,0.213483,0.333333,0.280899,-71.9101
Tri-Cities-New_01_20260611,Tri-Cities (arid),MODEL_B,0.3,105,278,72,206,33,0.258993,0.685714,0.375979,2.647619,164.7619
Tri-Cities-New_01_20260611,Tri-Cities (arid),MODEL_B,0.5,105,204,62,142,43,0.303922,0.590476,0.401294,1.942857,94.2857
Tri-Cities-New_01_20260611,Tri-Cities (arid),MODEL_B,0.65,105,151,56,95,49,0.370861,0.533333,0.4375,1.438095,43.8095
Tri-Cities-New_01_20260611,Tri-Cities (arid),MODEL_B,0.7,105,135,50,85,55,0.37037,0.47619,0.416667,1.285714,28.5714
Tri-Cities-New_01_20260611,Tri-Cities (arid),MODEL_B,0.775,105,100,41,59,64,0.41,0.390476,0.4,0.952381,-4.7619
Tri-Cities-New_01_20260611,Tri-Cities (arid),MODEL_B,0.85,105,76,32,44,73,0.421053,0.304762,0.353591,0.72381,-27.619
Tri-Cities-New_01_20260611,Tri-Cities (arid),MODEL_B,0.9,105,51,21,30,84,0.411765,0.2,0.269231,0.485714,-51.4286
Tri-Cities-New_01_20260611,Tri-Cities (arid),MODEL_B,0.95,105,33,17,16,88,0.515152,0.161905,0.246377,0.314286,-68.5714
Yakima-Toppenish_01_20260503,Yakima (arid),MODEL_B,0.3,25,155,16,139,9,0.103226,0.64,0.177778,6.2,520.0
Yakima-Toppenish_01_20260503,Yakima (arid),MODEL_B,0.5,25,111,14,97,11,0.126126,0.56,0.205882,4.44,344.0
Yakima-Toppenish_01_20260503,Yakima (arid),MODEL_B,0.65,25,76,13,63,12,0.171053,0.52,0.257426,3.04,204.0
Yakima-Toppenish_01_20260503,Yakima (arid),MODEL_B,0.7,25,68,10,58,15,0.147059,0.4,0.215054,2.72,172.0
Yakima-Toppenish_01_20260503,Yakima (arid),MODEL_B,0.775,25,47,7,40,18,0.148936,0.28,0.194444,1.88,88.0
Yakima-Toppenish_01_20260503,Yakima (arid),MODEL_B,0.85,25,32,4,28,21,0.125,0.16,0.140351,1.28,28.0
Yakima-Toppenish_01_20260503,Yakima (arid),MODEL_B,0.9,25,21,3,18,22,0.142857,0.12,0.130435,0.84,-16.0
Yakima-Toppenish_01_20260503,Yakima (arid),MODEL_B,0.95,25,9,3,6,22,0.333333,0.12,0.176471,0.36,-64.0
Yakima-Toppenish_02_20260509,Yakima (arid),MODEL_B,0.3,31,104,20,84,11,0.192308,0.645161,0.296296,3.354839,235.4839
Yakima-Toppenish_02_20260509,Yakima (arid),MODEL_B,0.5,31,61,17,44,14,0.278689,0.548387,0.369565,1.967742,96.7742
Yakima-Toppenish_02_20260509,Yakima (arid),MODEL_B,0.65,31,37,13,24,18,0.351351,0.419355,0.382353,1.193548,19.3548
Yakima-Toppenish_02_20260509,Yakima (arid),MODEL_B,0.7,31,34,13,21,18,0.382353,0.419355,0.4,1.096774,9.6774
Yakima-Toppenish_02_20260509,Yakima (arid),MODEL_B,0.775,31,27,12,15,19,0.444444,0.387097,0.413793,0.870968,-12.9032
Yakima-Toppenish_02_20260509,Yakima (arid),MODEL_B,0.85,31,17,9,8,22,0.529412,0.290323,0.375,0.548387,-45.1613
Yakima-Toppenish_02_20260509,Yakima (arid),MODEL_B,0.9,31,12,6,6,25,0.5,0.193548,0.27907,0.387097,-61.2903
Yakima-Toppenish_02_20260509,Yakima (arid),MODEL_B,0.95,31,9,5,4,26,0.555556,0.16129,0.25,0.290323,-70.9677
Yakima-Toppenish_03_20260614,Yakima (arid),MODEL_B,0.3,27,143,18,125,9,0.125874,0.666667,0.211765,5.296296,429.6296
Yakima-Toppenish_03_20260614,Yakima (arid),MODEL_B,0.5,27,94,17,77,10,0.180851,0.62963,0.280992,3.481481,248.1481
Yakima-Toppenish_03_20260614,Yakima (arid),MODEL_B,0.65,27,72,16,56,11,0.222222,0.592593,0.323232,2.666667,166.6667
Yakima-Toppenish_03_20260614,Yakima (arid),MODEL_B,0.7,27,65,14,51,13,0.215385,0.518519,0.304348,2.407407,140.7407
Yakima-Toppenish_03_20260614,Yakima (arid),MODEL_B,0.775,27,51,13,38,14,0.254902,0.481481,0.333333,1.888889,88.8889
Yakima-Toppenish_03_20260614,Yakima (arid),MODEL_B,0.85,27,36,10,26,17,0.277778,0.37037,0.31746,1.333333,33.3333
Yakima-Toppenish_03_20260614,Yakima (arid),MODEL_B,0.9,27,23,9,14,18,0.391304,0.333333,0.36,0.851852,-14.8148
Yakima-Toppenish_03_20260614,Yakima (arid),MODEL_B,0.95,27,15,7,8,20,0.466667,0.259259,0.333333,0.555556,-44.4444
Yakima-Toppenish_04_20260620,Yakima (arid),MODEL_B,0.3,43,141,29,112,14,0.205674,0.674419,0.315217,3.27907,227.907
Yakima-Toppenish_04_20260620,Yakima (arid),MODEL_B,0.5,43,103,27,76,16,0.262136,0.627907,0.369863,2.395349,139.5349
Yakima-Toppenish_04_20260620,Yakima (arid),MODEL_B,0.65,43,77,25,52,18,0.324675,0.581395,0.416667,1.790698,79.0698
Yakima-Toppenish_04_20260620,Yakima (arid),MODEL_B,0.7,43,68,23,45,20,0.338235,0.534884,0.414414,1.581395,58.1395
Yakima-Toppenish_04_20260620,Yakima (arid),MODEL_B,0.775,43,56,22,34,21,0.392857,0.511628,0.444444,1.302326,30.2326
Yakima-Toppenish_04_20260620,Yakima (arid),MODEL_B,0.85,43,44,18,26,25,0.409091,0.418605,0.413793,1.023256,2.3256
Yakima-Toppenish_04_20260620,Yakima (arid),MODEL_B,0.9,43,31,11,20,32,0.354839,0.255814,0.297297,0.72093,-27.907
Yakima-Toppenish_04_20260620,Yakima (arid),MODEL_B,0.95,43,20,8,12,35,0.4,0.186047,0.253968,0.465116,-53.4884
auburn-snoqualmie_01_20260425,auburn-snoqualmie/I-90,MODEL_B,0.3,24,89,14,75,10,0.157303,0.583333,0.247788,3.708333,270.8333
auburn-snoqualmie_01_20260425,auburn-snoqualmie/I-90,MODEL_B,0.5,24,63,14,49,10,0.222222,0.583333,0.321839,2.625,162.5
auburn-snoqualmie_01_20260425,auburn-snoqualmie/I-90,MODEL_B,0.65,24,41,10,31,14,0.243902,0.416667,0.307692,1.708333,70.8333
auburn-snoqualmie_01_20260425,auburn-snoqualmie/I-90,MODEL_B,0.7,24,34,8,26,16,0.235294,0.333333,0.275862,1.416667,41.6667
auburn-snoqualmie_01_20260425,auburn-snoqualmie/I-90,MODEL_B,0.775,24,23,5,18,19,0.217391,0.208333,0.212766,0.958333,-4.1667
auburn-snoqualmie_01_20260425,auburn-snoqualmie/I-90,MODEL_B,0.85,24,16,3,13,21,0.1875,0.125,0.15,0.666667,-33.3333
auburn-snoqualmie_01_20260425,auburn-snoqualmie/I-90,MODEL_B,0.9,24,7,2,5,22,0.285714,0.083333,0.129032,0.291667,-70.8333
auburn-snoqualmie_01_20260425,auburn-snoqualmie/I-90,MODEL_B,0.95,24,3,1,2,23,0.333333,0.041667,0.074074,0.125,-87.5
auburn-snoqualmie_03_20260614,auburn-snoqualmie/I-90,MODEL_B,0.3,42,103,24,79,18,0.23301,0.571429,0.331034,2.452381,145.2381
auburn-snoqualmie_03_20260614,auburn-snoqualmie/I-90,MODEL_B,0.5,42,76,24,52,18,0.315789,0.571429,0.40678,1.809524,80.9524
auburn-snoqualmie_03_20260614,auburn-snoqualmie/I-90,MODEL_B,0.65,42,57,24,33,18,0.421053,0.571429,0.484848,1.357143,35.7143
auburn-snoqualmie_03_20260614,auburn-snoqualmie/I-90,MODEL_B,0.7,42,50,23,27,19,0.46,0.547619,0.5,1.190476,19.0476
auburn-snoqualmie_03_20260614,auburn-snoqualmie/I-90,MODEL_B,0.775,42,44,22,22,20,0.5,0.52381,0.511628,1.047619,4.7619
auburn-snoqualmie_03_20260614,auburn-snoqualmie/I-90,MODEL_B,0.85,42,32,19,13,23,0.59375,0.452381,0.513514,0.761905,-23.8095
auburn-snoqualmie_03_20260614,auburn-snoqualmie/I-90,MODEL_B,0.9,42,24,14,10,28,0.583333,0.333333,0.424242,0.571429,-42.8571
auburn-snoqualmie_03_20260614,auburn-snoqualmie/I-90,MODEL_B,0.95,42,15,10,5,32,0.666667,0.238095,0.350877,0.357143,-64.2857
blaine-bellingham_01_20260425,blaine-bellingham/I-5-north,MODEL_B,0.3,18,113,16,97,2,0.141593,0.888889,0.244275,6.277778,527.7778
blaine-bellingham_01_20260425,blaine-bellingham/I-5-north,MODEL_B,0.5,18,77,15,62,3,0.194805,0.833333,0.315789,4.277778,327.7778
blaine-bellingham_01_20260425,blaine-bellingham/I-5-north,MODEL_B,0.65,18,55,11,44,7,0.2,0.611111,0.30137,3.055556,205.5556
blaine-bellingham_01_20260425,blaine-bellingham/I-5-north,MODEL_B,0.7,18,48,9,39,9,0.1875,0.5,0.272727,2.666667,166.6667
blaine-bellingham_01_20260425,blaine-bellingham/I-5-north,MODEL_B,0.775,18,35,8,27,10,0.228571,0.444444,0.301887,1.944444,94.4444
blaine-bellingham_01_20260425,blaine-bellingham/I-5-north,MODEL_B,0.85,18,24,7,17,11,0.291667,0.388889,0.333333,1.333333,33.3333
blaine-bellingham_01_20260425,blaine-bellingham/I-5-north,MODEL_B,0.9,18,13,5,8,13,0.384615,0.277778,0.322581,0.722222,-27.7778
blaine-bellingham_01_20260425,blaine-bellingham/I-5-north,MODEL_B,0.95,18,10,5,5,13,0.5,0.277778,0.357143,0.555556,-44.4444
blaine-bellingham_02_20260528,blaine-bellingham/I-5-north,MODEL_B,0.3,50,94,28,66,22,0.297872,0.56,0.388889,1.88,88.0
blaine-bellingham_02_20260528,blaine-bellingham/I-5-north,MODEL_B,0.5,50,68,24,44,26,0.352941,0.48,0.40678,1.36,36.0
blaine-bellingham_02_20260528,blaine-bellingham/I-5-north,MODEL_B,0.65,50,50,19,31,31,0.38,0.38,0.38,1.0,0.0
blaine-bellingham_02_20260528,blaine-bellingham/I-5-north,MODEL_B,0.7,50,45,17,28,33,0.377778,0.34,0.357895,0.9,-10.0
blaine-bellingham_02_20260528,blaine-bellingham/I-5-north,MODEL_B,0.775,50,38,14,24,36,0.368421,0.28,0.318182,0.76,-24.0
blaine-bellingham_02_20260528,blaine-bellingham/I-5-north,MODEL_B,0.85,50,29,11,18,39,0.37931,0.22,0.278481,0.58,-42.0
blaine-bellingham_02_20260528,blaine-bellingham/I-5-north,MODEL_B,0.9,50,21,10,11,40,0.47619,0.2,0.28169,0.42,-58.0
blaine-bellingham_02_20260528,blaine-bellingham/I-5-north,MODEL_B,0.95,50,13,8,5,42,0.615385,0.16,0.253968,0.26,-74.0
blaine-bellingham_03_20260504,blaine-bellingham/I-5-north,MODEL_B,0.3,29,147,20,127,9,0.136054,0.689655,0.227273,5.068966,406.8966
blaine-bellingham_03_20260504,blaine-bellingham/I-5-north,MODEL_B,0.5,29,102,16,86,13,0.156863,0.551724,0.244275,3.517241,251.7241
blaine-bellingham_03_20260504,blaine-bellingham/I-5-north,MODEL_B,0.65,29,77,15,62,14,0.194805,0.517241,0.283019,2.655172,165.5172
blaine-bellingham_03_20260504,blaine-bellingham/I-5-north,MODEL_B,0.7,29,68,15,53,14,0.220588,0.517241,0.309278,2.344828,134.4828
blaine-bellingham_03_20260504,blaine-bellingham/I-5-north,MODEL_B,0.775,29,47,12,35,17,0.255319,0.413793,0.315789,1.62069,62.069
blaine-bellingham_03_20260504,blaine-bellingham/I-5-north,MODEL_B,0.85,29,30,8,22,21,0.266667,0.275862,0.271186,1.034483,3.4483
blaine-bellingham_03_20260504,blaine-bellingham/I-5-north,MODEL_B,0.9,29,22,6,16,23,0.272727,0.206897,0.235294,0.758621,-24.1379
blaine-bellingham_03_20260504,blaine-bellingham/I-5-north,MODEL_B,0.95,29,12,4,8,25,0.333333,0.137931,0.195122,0.413793,-58.6207
polygon_01_20260503,polygon (Kent/Auburn),MODEL_B,0.3,19,118,11,107,8,0.09322,0.578947,0.160584,6.210526,521.0526
polygon_01_20260503,polygon (Kent/Auburn),MODEL_B,0.5,19,81,10,71,9,0.123457,0.526316,0.2,4.263158,326.3158
polygon_01_20260503,polygon (Kent/Auburn),MODEL_B,0.65,19,61,10,51,9,0.163934,0.526316,0.25,3.210526,221.0526
polygon_01_20260503,polygon (Kent/Auburn),MODEL_B,0.7,19,54,9,45,10,0.166667,0.473684,0.246575,2.842105,184.2105
polygon_01_20260503,polygon (Kent/Auburn),MODEL_B,0.775,19,42,8,34,11,0.190476,0.421053,0.262295,2.210526,121.0526
polygon_01_20260503,polygon (Kent/Auburn),MODEL_B,0.85,19,30,6,24,13,0.2,0.315789,0.244898,1.578947,57.8947
polygon_01_20260503,polygon (Kent/Auburn),MODEL_B,0.9,19,22,5,17,14,0.227273,0.263158,0.243902,1.157895,15.7895
polygon_01_20260503,polygon (Kent/Auburn),MODEL_B,0.95,19,17,4,13,15,0.235294,0.210526,0.222222,0.894737,-10.5263
spokane-i90_01_20260622,Spokane (arid),MODEL_B,0.3,55,140,35,105,20,0.25,0.636364,0.358974,2.545455,154.5455
spokane-i90_01_20260622,Spokane (arid),MODEL_B,0.5,55,82,29,53,26,0.353659,0.527273,0.423358,1.490909,49.0909
spokane-i90_01_20260622,Spokane (arid),MODEL_B,0.65,55,54,24,30,31,0.444444,0.436364,0.440367,0.981818,-1.8182
spokane-i90_01_20260622,Spokane (arid),MODEL_B,0.7,55,52,24,28,31,0.461538,0.436364,0.448598,0.945455,-5.4545
spokane-i90_01_20260622,Spokane (arid),MODEL_B,0.775,55,37,21,16,34,0.567568,0.381818,0.456522,0.672727,-32.7273
spokane-i90_01_20260622,Spokane (arid),MODEL_B,0.85,55,29,18,11,37,0.62069,0.327273,0.428571,0.527273,-47.2727
spokane-i90_01_20260622,Spokane (arid),MODEL_B,0.9,55,26,18,8,37,0.692308,0.327273,0.444444,0.472727,-52.7273
spokane-i90_01_20260622,Spokane (arid),MODEL_B,0.95,55,12,8,4,47,0.666667,0.145455,0.238806,0.218182,-78.1818
