model,window,scene,vehicles,density,band,TP,FP,FN,det,P,R,F1,ratio
adamiak-v2,24,Centralia_01_20260511,56,25.45,dense,43,31,13,74,0.581081081081081,0.7678571428571429,0.6615384615384615,1.3214285714285714
adamiak-v2,24,Tacoma-Centralia_01_20260429,80,18.02,dense,46,17,34,63,0.7301587301587301,0.575,0.6433566433566433,0.7875
adamiak-v2,24,Tacoma-Centralia_02_20260602,89,19.57,dense,62,23,27,85,0.7294117647058823,0.6966292134831461,0.7126436781609196,0.9550561797752809
adamiak-v2,24,Tri-Cities-New_01_20260611,105,5.35,mid,42,6,63,48,0.875,0.4,0.5490196078431373,0.45714285714285713
adamiak-v2,24,Yakima-Toppenish_02_20260509,31,2.45,sparse,5,4,26,9,0.5555555555555556,0.16129032258064516,0.25,0.2903225806451613
adamiak-v2,24,Yakima-Toppenish_04_20260620,43,3.39,mid,13,11,30,24,0.5416666666666666,0.3023255813953488,0.3880597014925373,0.5581395348837209
adamiak-v2,24,auburn-snoqualmie_03_20260614,42,6.71,dense,27,2,15,29,0.9310344827586207,0.6428571428571429,0.7605633802816901,0.6904761904761905
adamiak-v2,24,blaine-bellingham_02_20260528,50,4.48,mid,3,0,47,3,1.0,0.06,0.11320754716981132,0.06
adamiak-v2,24,blaine-bellingham_03_20260504,29,2.5,sparse,5,1,24,6,0.8333333333333334,0.1724137931034483,0.2857142857142857,0.20689655172413793
adamiak-v2,24,spokane-i90_01_20260622,55,2.73,mid,2,0,53,2,1.0,0.03636363636363636,0.07017543859649122,0.03636363636363636
adamiak-v2,32,Centralia_01_20260511,56,25.45,dense,16,12,40,28,0.5714285714285714,0.2857142857142857,0.38095238095238093,0.5
adamiak-v2,32,Tacoma-Centralia_01_20260429,80,18.02,dense,23,7,57,30,0.7666666666666667,0.2875,0.41818181818181815,0.375
adamiak-v2,32,Tacoma-Centralia_02_20260602,89,19.57,dense,33,8,56,41,0.8048780487804879,0.3707865168539326,0.5076923076923077,0.4606741573033708
adamiak-v2,32,Tri-Cities-New_01_20260611,105,5.35,mid,18,3,87,21,0.8571428571428571,0.17142857142857143,0.2857142857142857,0.2
adamiak-v2,32,Yakima-Toppenish_04_20260620,43,3.39,mid,4,0,39,4,1.0,0.09302325581395349,0.1702127659574468,0.09302325581395349
adamiak-v2,32,auburn-snoqualmie_03_20260614,42,6.71,dense,15,3,27,18,0.8333333333333334,0.35714285714285715,0.5,0.42857142857142855
adamiak-v2,32,blaine-bellingham_03_20260504,29,2.5,sparse,3,0,26,3,1.0,0.10344827586206896,0.1875,0.10344827586206896
adamiak-v2,32,spokane-i90_01_20260622,55,2.73,mid,2,0,53,2,1.0,0.03636363636363636,0.07017543859649122,0.03636363636363636
adamiak-v2,48,Centralia_01_20260511,56,25.45,dense,48,28,8,76,0.631578947368421,0.8571428571428571,0.7272727272727273,1.3571428571428572
adamiak-v2,48,Tacoma-Centralia_01_20260429,80,18.02,dense,62,20,18,82,0.7560975609756098,0.775,0.7654320987654321,1.025
adamiak-v2,48,Tacoma-Centralia_02_20260602,89,19.57,dense,75,27,14,102,0.7352941176470589,0.8426966292134831,0.7853403141361257,1.146067415730337
adamiak-v2,48,Tri-Cities-New_01_20260611,105,5.35,mid,72,15,33,87,0.8275862068965517,0.6857142857142857,0.75,0.8285714285714286
adamiak-v2,48,Yakima-Toppenish_02_20260509,31,2.45,sparse,10,1,21,11,0.9090909090909091,0.3225806451612903,0.47619047619047616,0.3548387096774194
adamiak-v2,48,Yakima-Toppenish_04_20260620,43,3.39,mid,33,11,10,44,0.75,0.7674418604651163,0.7586206896551724,1.0232558139534884
adamiak-v2,48,auburn-snoqualmie_03_20260614,42,6.71,dense,37,16,5,53,0.6981132075471698,0.8809523809523809,0.7789473684210526,1.2619047619047619
adamiak-v2,48,blaine-bellingham_02_20260528,50,4.48,mid,8,0,42,8,1.0,0.16,0.27586206896551724,0.16
adamiak-v2,48,blaine-bellingham_03_20260504,29,2.5,sparse,15,5,14,20,0.75,0.5172413793103449,0.6122448979591837,0.6896551724137931
adamiak-v2,48,spokane-i90_01_20260622,55,2.73,mid,9,0,46,9,1.0,0.16363636363636364,0.28125,0.16363636363636364
adamiak-v2,64,Centralia_01_20260511,56,25.45,dense,52,32,4,84,0.6190476190476191,0.9285714285714286,0.7428571428571429,1.5
adamiak-v2,64,Tacoma-Centralia_01_20260429,80,18.02,dense,65,26,15,91,0.7142857142857143,0.8125,0.7602339181286549,1.1375
adamiak-v2,64,Tacoma-Centralia_02_20260602,89,19.57,dense,83,31,6,114,0.7280701754385965,0.9325842696629213,0.8177339901477833,1.2808988764044944
adamiak-v2,64,Tri-Cities-New_01_20260611,105,5.35,mid,83,27,22,110,0.7545454545454545,0.7904761904761904,0.772093023255814,1.0476190476190477
adamiak-v2,64,Yakima-Toppenish_02_20260509,31,2.45,sparse,12,5,19,17,0.7058823529411765,0.3870967741935484,0.5,0.5483870967741935
adamiak-v2,64,Yakima-Toppenish_04_20260620,43,3.39,mid,31,14,12,45,0.6888888888888889,0.7209302325581395,0.7045454545454546,1.0465116279069768
adamiak-v2,64,auburn-snoqualmie_03_20260614,42,6.71,dense,38,18,4,56,0.6785714285714286,0.9047619047619048,0.7755102040816326,1.3333333333333333
adamiak-v2,64,blaine-bellingham_02_20260528,50,4.48,mid,11,1,39,12,0.9166666666666666,0.22,0.3548387096774194,0.24
adamiak-v2,64,blaine-bellingham_03_20260504,29,2.5,sparse,15,3,14,18,0.8333333333333334,0.5172413793103449,0.6382978723404256,0.6206896551724138
adamiak-v2,64,spokane-i90_01_20260622,55,2.73,mid,11,2,44,13,0.8461538461538461,0.2,0.3235294117647059,0.23636363636363636
nojitter-v1,64,Tacoma-Centralia_01_20260429,80,18.02,dense,61,16,19,77,0.7922077922077922,0.7625,0.7770700636942676,0.9625
warmup-v1,24,Centralia_01_20260511,56,25.45,dense,46,45,10,91,0.5054945054945055,0.8214285714285714,0.6258503401360545,1.625
warmup-v1,24,Tacoma-Centralia_01_20260429,80,18.02,dense,59,47,21,106,0.5566037735849056,0.7375,0.6344086021505376,1.325
warmup-v1,24,Tacoma-Centralia_02_20260602,89,19.57,dense,73,42,16,115,0.6347826086956522,0.8202247191011236,0.7156862745098039,1.2921348314606742
warmup-v1,24,Tri-Cities-New_01_20260611,105,5.35,mid,59,27,46,86,0.686046511627907,0.5619047619047619,0.6178010471204188,0.819047619047619
warmup-v1,24,Yakima-Toppenish_02_20260509,31,2.45,sparse,16,9,15,25,0.64,0.5161290322580645,0.5714285714285714,0.8064516129032258
warmup-v1,24,Yakima-Toppenish_04_20260620,43,3.39,mid,35,35,8,70,0.5,0.813953488372093,0.6194690265486725,1.627906976744186
warmup-v1,24,auburn-snoqualmie_03_20260614,42,6.71,dense,35,32,7,67,0.5223880597014925,0.8333333333333334,0.6422018348623854,1.5952380952380953
warmup-v1,24,blaine-bellingham_02_20260528,50,4.48,mid,20,12,30,32,0.625,0.4,0.4878048780487805,0.64
warmup-v1,24,blaine-bellingham_03_20260504,29,2.5,sparse,20,23,9,43,0.46511627906976744,0.6896551724137931,0.5555555555555556,1.4827586206896552
warmup-v1,24,spokane-i90_01_20260622,55,2.73,mid,23,3,32,26,0.8846153846153846,0.41818181818181815,0.5679012345679012,0.4727272727272727
warmup-v1,32,Centralia_01_20260511,56,25.45,dense,45,32,11,77,0.5844155844155844,0.8035714285714286,0.6766917293233082,1.375
warmup-v1,32,Tacoma-Centralia_01_20260429,80,18.02,dense,57,29,23,86,0.6627906976744186,0.7125,0.6867469879518072,1.075
warmup-v1,32,Tacoma-Centralia_02_20260602,89,19.57,dense,71,37,18,108,0.6574074074074074,0.797752808988764,0.7208121827411168,1.2134831460674158
warmup-v1,32,Tri-Cities-New_01_20260611,105,5.35,mid,55,13,50,68,0.8088235294117647,0.5238095238095238,0.6358381502890174,0.6476190476190476
warmup-v1,32,Yakima-Toppenish_02_20260509,31,2.45,sparse,18,5,13,23,0.782608695652174,0.5806451612903226,0.6666666666666666,0.7419354838709677
warmup-v1,32,Yakima-Toppenish_04_20260620,43,3.39,mid,32,25,11,57,0.5614035087719298,0.7441860465116279,0.64,1.3255813953488371
warmup-v1,32,auburn-snoqualmie_03_20260614,42,6.71,dense,29,20,13,49,0.5918367346938775,0.6904761904761905,0.6373626373626373,1.1666666666666667
warmup-v1,32,blaine-bellingham_02_20260528,50,4.48,mid,15,1,35,16,0.9375,0.3,0.45454545454545453,0.32
warmup-v1,32,blaine-bellingham_03_20260504,29,2.5,sparse,8,16,21,24,0.3333333333333333,0.27586206896551724,0.3018867924528302,0.8275862068965517
warmup-v1,32,spokane-i90_01_20260622,55,2.73,mid,19,1,36,20,0.95,0.34545454545454546,0.5066666666666667,0.36363636363636365
warmup-v1,48,Centralia_01_20260511,56,25.45,dense,45,39,11,84,0.5357142857142857,0.8035714285714286,0.6428571428571429,1.5
warmup-v1,48,Tacoma-Centralia_01_20260429,80,18.02,dense,59,38,21,97,0.6082474226804123,0.7375,0.6666666666666666,1.2125
warmup-v1,48,Tacoma-Centralia_02_20260602,89,19.57,dense,69,36,20,105,0.6571428571428571,0.7752808988764045,0.711340206185567,1.1797752808988764
warmup-v1,48,Tri-Cities-New_01_20260611,105,5.35,mid,59,23,46,82,0.7195121951219512,0.5619047619047619,0.6310160427807486,0.780952380952381
warmup-v1,48,Yakima-Toppenish_02_20260509,31,2.45,sparse,13,9,18,22,0.5909090909090909,0.41935483870967744,0.49056603773584906,0.7096774193548387
warmup-v1,48,Yakima-Toppenish_04_20260620,43,3.39,mid,33,37,10,70,0.4714285714285714,0.7674418604651163,0.584070796460177,1.627906976744186
warmup-v1,48,auburn-snoqualmie_03_20260614,42,6.71,dense,33,23,9,56,0.5892857142857143,0.7857142857142857,0.673469387755102,1.3333333333333333
warmup-v1,48,blaine-bellingham_02_20260528,50,4.48,mid,18,4,32,22,0.8181818181818182,0.36,0.5,0.44
warmup-v1,48,blaine-bellingham_03_20260504,29,2.5,sparse,15,22,14,37,0.40540540540540543,0.5172413793103449,0.45454545454545453,1.2758620689655173
warmup-v1,48,spokane-i90_01_20260622,55,2.73,mid,19,3,36,22,0.8636363636363636,0.34545454545454546,0.4935064935064935,0.4
warmup-v1,64,Centralia_01_20260511,56,25.45,dense,45,44,11,89,0.5056179775280899,0.8035714285714286,0.6206896551724138,1.5892857142857142
warmup-v1,64,Tacoma-Centralia_01_20260429,80,18.02,dense,62,42,18,104,0.5961538461538461,0.775,0.6739130434782609,1.3
warmup-v1,64,Tacoma-Centralia_02_20260602,89,19.57,dense,72,45,17,117,0.6153846153846154,0.8089887640449438,0.6990291262135923,1.3146067415730338
warmup-v1,64,Tri-Cities-New_01_20260611,105,5.35,mid,66,36,39,102,0.6470588235294118,0.6285714285714286,0.6376811594202898,0.9714285714285714
warmup-v1,64,Yakima-Toppenish_02_20260509,31,2.45,sparse,18,12,13,30,0.6,0.5806451612903226,0.5901639344262295,0.967741935483871
warmup-v1,64,Yakima-Toppenish_04_20260620,43,3.39,mid,35,36,8,71,0.49295774647887325,0.813953488372093,0.6140350877192983,1.6511627906976745
warmup-v1,64,auburn-snoqualmie_03_20260614,42,6.71,dense,29,34,13,63,0.4603174603174603,0.6904761904761905,0.5523809523809524,1.5
warmup-v1,64,blaine-bellingham_02_20260528,50,4.48,mid,19,14,31,33,0.5757575757575758,0.38,0.4578313253012048,0.66
warmup-v1,64,blaine-bellingham_03_20260504,29,2.5,sparse,21,31,8,52,0.40384615384615385,0.7241379310344828,0.5185185185185185,1.793103448275862
warmup-v1,64,spokane-i90_01_20260622,55,2.73,mid,24,5,31,29,0.8275862068965517,0.43636363636363634,0.5714285714285714,0.5272727272727272
