model_id,scene,corridor,split,trained_on,labelled,threshold,true_count,raw_detections,kept_after_dedup,count_ratio,count_error_pct,tp,precision,recall,f1,tp_greedy,precision_greedy,recall_greedy,f1_greedy,labels_multi_matched,dets_multi_matching,centered_recall,centered_kp_err_px,matched_kp_err_px,score_p10,score_p25,score_median,score_p75,score_p90,score_mean,kp_score_mean,mean_streak_len_m,median_collinearity_px,windows,valid_km2,det_per_km2,eval_seconds
kprcnn-warmup-v1,Tacoma-Centralia_01_20260429,Centralia/I-5-south,held-out:temporal,0,1,0.3,80,239,120,1.5,50.0,36,0.3,0.45,0.36,36,0.3,0.45,0.36,0,0,1.0,1.194,1.176,0.4478,0.6091,0.7946,0.9052,0.9826,0.748,2.5326,31.06,0.226,574,4.44,27.03,129.5
kprcnn-warmup-v1,Tacoma-Centralia_01_20260429,Centralia/I-5-south,held-out:temporal,0,1,0.5,80,182,101,1.262,26.2,35,0.3465,0.4375,0.3867,35,0.3465,0.4375,0.3867,0,0,0.9875,1.194,1.169,0.6023,0.7186,0.8255,0.9308,0.9858,0.8129,2.7514,31.33,0.211,574,4.44,22.75,129.5
kprcnn-warmup-v1,Tacoma-Centralia_01_20260429,Centralia/I-5-south,held-out:temporal,0,1,0.7,80,118,79,0.988,1.2,33,0.4177,0.4125,0.4151,33,0.4177,0.4125,0.4151,0,0,0.8375,1.194,1.166,0.7378,0.799,0.8797,0.9502,0.9901,0.8712,3.082,32.04,0.203,574,4.44,17.79,129.5
kprcnn-warmup-v1,Tacoma-Centralia_02_20260602,Centralia/I-5-south,trained,1,1,0.3,89,244,127,1.427,42.7,49,0.3858,0.5618,0.4575,49,0.3858,0.5506,0.4537,0,1,0.9663,0.974,1.265,0.4708,0.6017,0.8183,0.9328,0.9784,0.752,3.1866,33.03,0.442,588,4.548,27.92,131.4
kprcnn-warmup-v1,Tacoma-Centralia_02_20260602,Centralia/I-5-south,trained,1,1,0.5,89,185,106,1.191,19.1,48,0.4528,0.5506,0.4969,48,0.4528,0.5393,0.4923,0,1,0.9101,0.974,1.274,0.6017,0.6872,0.8522,0.946,0.9883,0.8163,3.5619,33.89,0.439,588,4.548,23.31,131.4
kprcnn-warmup-v1,Tacoma-Centralia_02_20260602,Centralia/I-5-south,trained,1,1,0.7,89,120,76,0.854,14.6,39,0.5132,0.4494,0.4792,39,0.5132,0.4382,0.4727,0,1,0.7303,0.974,1.285,0.8002,0.8391,0.8931,0.9657,0.9916,0.8951,3.7812,33.75,0.374,588,4.548,16.71,131.4
kprcnn-warmup-v1,Centralia_01_20260511,Centralia/I-5-south,trained,1,1,0.3,56,156,74,1.321,32.1,27,0.3649,0.5,0.4219,27,0.3649,0.4821,0.4154,0,1,0.9643,0.925,1.232,0.5414,0.6334,0.7879,0.9307,0.9876,0.7686,3.419,33.92,0.307,290,2.2,33.64,73.3
kprcnn-warmup-v1,Centralia_01_20260511,Centralia/I-5-south,trained,1,1,0.5,56,108,69,1.232,23.2,24,0.3478,0.4286,0.384,24,0.3478,0.4286,0.384,0,0,0.9107,0.925,1.245,0.5939,0.6593,0.7959,0.9372,0.9884,0.7959,3.5015,33.95,0.306,290,2.2,31.37,73.3
kprcnn-warmup-v1,Centralia_01_20260511,Centralia/I-5-south,trained,1,1,0.7,56,71,48,0.857,14.3,19,0.3958,0.3393,0.3654,19,0.3958,0.3393,0.3654,0,0,0.7143,0.925,1.319,0.7464,0.7952,0.9026,0.9693,0.9925,0.8785,3.7077,33.55,0.308,290,2.2,21.82,73.3
kprcnn-warmup-v1,auburn-snoqualmie_03_20260614,auburn-snoqualmie/I-90,trained,1,1,0.3,42,189,103,2.452,145.2,24,0.233,0.5714,0.331,24,0.233,0.5714,0.331,0,0,1.0,0.852,0.947,0.4115,0.4998,0.6857,0.8803,0.9681,0.6968,1.9814,28.77,0.256,677,6.257,16.46,132.0
kprcnn-warmup-v1,auburn-snoqualmie_03_20260614,auburn-snoqualmie/I-90,trained,1,1,0.5,42,132,76,1.81,81.0,24,0.3158,0.5714,0.4068,24,0.3158,0.5714,0.4068,0,0,0.9762,0.852,0.947,0.5782,0.6587,0.8237,0.9347,0.9758,0.7929,2.624,29.2,0.228,677,6.257,12.15,132.0
kprcnn-warmup-v1,auburn-snoqualmie_03_20260614,auburn-snoqualmie/I-90,trained,1,1,0.7,42,74,50,1.19,19.0,23,0.46,0.5476,0.5,23,0.46,0.5476,0.5,0,0,0.9524,0.852,0.928,0.7711,0.827,0.8817,0.9601,0.9848,0.8859,3.438,30.18,0.208,677,6.257,7.99,132.0
kprcnn-warmup-v1,Tri-Cities-New_01_20260611,Tri-Cities (arid),trained,1,1,0.3,105,499,278,2.648,164.8,72,0.259,0.6857,0.376,72,0.259,0.6857,0.376,0,0,0.981,0.844,0.969,0.3688,0.4849,0.6764,0.8654,0.9581,0.6707,1.5357,26.86,0.243,2604,19.644,14.15,434.4
kprcnn-warmup-v1,Tri-Cities-New_01_20260611,Tri-Cities (arid),trained,1,1,0.5,105,329,204,1.943,94.3,62,0.3039,0.5905,0.4013,62,0.3039,0.5905,0.4013,0,0,0.9524,0.844,0.975,0.5594,0.6449,0.7681,0.8998,0.9686,0.7712,1.7991,27.41,0.231,2604,19.644,10.38,434.4
kprcnn-warmup-v1,Tri-Cities-New_01_20260611,Tri-Cities (arid),trained,1,1,0.7,105,200,135,1.286,28.6,50,0.3704,0.4762,0.4167,50,0.3704,0.4762,0.4167,0,0,0.8476,0.844,0.966,0.7335,0.7705,0.8664,0.946,0.9837,0.86,2.2723,27.92,0.216,2604,19.644,6.87,434.4
kprcnn-warmup-v1,spokane-i90_01_20260622,Spokane (arid),trained,1,1,0.3,55,210,140,2.545,154.5,35,0.25,0.6364,0.359,35,0.25,0.6364,0.359,0,0,0.9636,0.711,0.856,0.3502,0.424,0.5487,0.7915,0.9401,0.6097,0.163,22.4,0.487,2240,20.149,6.95,362.9
kprcnn-warmup-v1,spokane-i90_01_20260622,Spokane (arid),trained,1,1,0.5,55,122,82,1.491,49.1,29,0.3537,0.5273,0.4234,29,0.3537,0.5273,0.4234,0,0,0.9273,0.711,0.869,0.5277,0.6015,0.7542,0.9183,0.9771,0.7588,1.0415,24.22,0.322,2240,20.149,4.07,362.9
kprcnn-warmup-v1,spokane-i90_01_20260622,Spokane (arid),trained,1,1,0.7,55,73,52,0.945,5.5,24,0.4615,0.4364,0.4486,24,0.4615,0.4364,0.4486,0,0,0.8,0.711,0.798,0.7354,0.7685,0.8947,0.9423,0.9843,0.8645,1.9803,26.48,0.23,2240,20.149,2.58,362.9
kprcnn-warmup-v1,blaine-bellingham_02_20260528,blaine-bellingham/I-5-north,trained,1,1,0.3,50,159,94,1.88,88.0,28,0.2979,0.56,0.3889,28,0.2979,0.56,0.3889,0,0,0.92,0.755,0.905,0.3719,0.4346,0.6871,0.879,0.9671,0.6708,1.1312,29.0,0.279,1180,11.149,8.43,203.6
kprcnn-warmup-v1,blaine-bellingham_02_20260528,blaine-bellingham/I-5-north,trained,1,1,0.5,50,105,68,1.36,36.0,24,0.3529,0.48,0.4068,24,0.3529,0.48,0.4068,0,0,0.9,0.755,0.965,0.5244,0.6413,0.8086,0.9293,0.9715,0.7824,1.5188,29.52,0.267,1180,11.149,6.1,203.6
kprcnn-warmup-v1,blaine-bellingham_02_20260528,blaine-bellingham/I-5-north,trained,1,1,0.7,50,61,45,0.9,10.0,17,0.3778,0.34,0.3579,17,0.3778,0.34,0.3579,0,0,0.64,0.755,0.929,0.7464,0.818,0.882,0.9643,0.9796,0.8806,1.9725,30.36,0.289,1180,11.149,4.04,203.6
kprcnn-warmup-v1,Yakima-Toppenish_04_20260620,Yakima (arid),trained,1,1,0.3,43,242,141,3.279,227.9,29,0.2057,0.6744,0.3152,29,0.2057,0.6744,0.3152,0,0,1.0,0.928,1.12,0.3878,0.4942,0.6941,0.896,0.9729,0.683,1.4759,28.65,0.312,1353,12.694,11.11,237.1
kprcnn-warmup-v1,Yakima-Toppenish_04_20260620,Yakima (arid),trained,1,1,0.5,43,158,103,2.395,139.5,27,0.2621,0.6279,0.3699,27,0.2621,0.6279,0.3699,0,0,0.9535,0.928,1.103,0.5483,0.6502,0.813,0.927,0.9803,0.7865,1.9611,30.22,0.236,1353,12.694,8.11,237.1
kprcnn-warmup-v1,Yakima-Toppenish_04_20260620,Yakima (arid),trained,1,1,0.7,43,96,68,1.581,58.1,23,0.3382,0.5349,0.4144,23,0.3382,0.5349,0.4144,0,0,0.8837,0.928,1.065,0.7374,0.8132,0.8983,0.9668,0.9954,0.8814,2.3936,31.33,0.229,1353,12.694,5.36,237.1
kprcnn-warmup-v1,Yakima-Toppenish_02_20260509,Yakima (arid),trained,1,1,0.3,31,159,104,3.355,235.5,20,0.1923,0.6452,0.2963,20,0.1923,0.6452,0.2963,0,0,0.9355,1.122,1.165,0.3608,0.4028,0.5429,0.786,0.9217,0.5954,0.9081,29.76,0.309,1350,12.668,8.21,224.3
kprcnn-warmup-v1,Yakima-Toppenish_02_20260509,Yakima (arid),trained,1,1,0.5,31,88,61,1.968,96.8,17,0.2787,0.5484,0.3696,17,0.2787,0.5484,0.3696,0,0,0.8065,1.122,1.163,0.5332,0.5698,0.7505,0.8708,0.9589,0.7352,1.4891,31.04,0.272,1350,12.668,4.82,224.3
kprcnn-warmup-v1,Yakima-Toppenish_02_20260509,Yakima (arid),trained,1,1,0.7,31,46,34,1.097,9.7,13,0.3824,0.4194,0.4,13,0.3824,0.4194,0.4,0,0,0.6774,1.122,1.211,0.7528,0.7912,0.8576,0.9492,0.9724,0.8611,2.1644,32.5,0.226,1350,12.668,2.68,224.3
kprcnn-warmup-v1,blaine-bellingham_03_20260504,blaine-bellingham/I-5-north,trained,1,1,0.3,29,257,147,5.069,406.9,20,0.1361,0.6897,0.2273,20,0.1361,0.6897,0.2273,0,0,1.0,0.684,1.018,0.3359,0.4666,0.6736,0.8218,0.9358,0.6502,1.1895,28.07,0.322,1234,11.616,12.65,229.8
kprcnn-warmup-v1,blaine-bellingham_03_20260504,blaine-bellingham/I-5-north,trained,1,1,0.5,29,165,102,3.517,251.7,16,0.1569,0.5517,0.2443,16,0.1569,0.5517,0.2443,0,0,0.8276,0.684,0.901,0.5699,0.6621,0.768,0.8708,0.9531,0.7657,1.6949,29.25,0.319,1234,11.616,8.78,229.8
kprcnn-warmup-v1,blaine-bellingham_03_20260504,blaine-bellingham/I-5-north,trained,1,1,0.7,29,87,68,2.345,134.5,15,0.2206,0.5172,0.3093,15,0.2206,0.5172,0.3093,0,0,0.6552,0.684,0.915,0.735,0.768,0.8329,0.9139,0.9765,0.8441,2.193,30.96,0.244,1234,11.616,5.85,229.8
